epoch,hp_metric,loss,step,val_loss
,30.16944122314453,,0,
0,,-6.111642360687256,49,
0,,-5.035769462585449,99,
0,,-7.7244391441345215,149,
0,,-9.842037200927734,199,
0,,-5.27982759475708,249,
0,,-8.052745819091797,299,
0,,-11.252367973327637,349,
0,,-5.407969951629639,399,
0,,-7.5238165855407715,449,
0,,-8.228609085083008,499,
0,,-10.6793212890625,549,
0,,-13.286247253417969,599,
0,,-10.041112899780273,649,
0,,-9.506050109863281,699,
0,,-10.390207290649414,749,
0,,-6.3152008056640625,799,
0,,-13.222076416015625,849,
0,,-10.956855773925781,899,
0,,-12.277536392211914,949,
0,,-8.96107292175293,999,
0,,-11.772693634033203,1049,
0,,-15.962798118591309,1099,
0,,-11.594718933105469,1149,
0,,-9.072084426879883,1199,
0,,-12.328329086303711,1249,
0,,-13.372304916381836,1299,
0,,-18.270605087280273,1349,
0,,-11.338363647460938,1399,
0,,-10.312585830688477,1449,
0,,-8.104865074157715,1499,
0,,-13.774798393249512,1549,
0,,-14.462176322937012,1599,
0,,-11.635760307312012,1649,
0,,-14.122871398925781,1699,
0,,-13.703608512878418,1749,
0,,-14.654989242553711,1799,
0,,-14.993372917175293,1849,
0,,-10.22607707977295,1899,
0,,-9.428812980651855,1949,
0,,-14.66913890838623,1999,
0,,-14.351954460144043,2049,
0,,-14.423728942871094,2099,
0,,-14.684370040893555,2149,
0,,-15.25459098815918,2199,
0,,-16.66217803955078,2249,
,-12.165142059326172,,2250,
0,,,2249,-12.165142059326172
1,,-16.998680114746094,2299,
1,,-13.01840591430664,2349,
1,,-12.80156135559082,2399,
1,,-8.650032043457031,2449,
1,,-13.676440238952637,2499,
1,,-15.094828605651855,2549,
1,,-14.543050765991211,2599,
1,,-11.999406814575195,2649,
1,,-17.3783016204834,2699,
1,,-14.487457275390625,2749,
1,,-13.3789701461792,2799,
1,,-17.6090087890625,2849,
1,,-11.836511611938477,2899,
1,,-13.489677429199219,2949,
1,,-14.072355270385742,2999,
1,,-14.589811325073242,3049,
1,,-11.922506332397461,3099,
1,,-12.85135555267334,3149,
1,,-8.845823287963867,3199,
1,,-14.966026306152344,3249,
1,,-18.586397171020508,3299,
1,,-17.670888900756836,3349,
1,,-15.534079551696777,3399,
1,,-13.744926452636719,3449,
1,,-14.467120170593262,3499,
1,,-16.072227478027344,3549,
1,,-10.831230163574219,3599,
1,,-11.365036010742188,3649,
1,,-16.179758071899414,3699,
1,,-13.001235008239746,3749,
1,,-12.463160514831543,3799,
1,,-11.202089309692383,3849,
1,,-14.264785766601562,3899,
1,,-10.939737319946289,3949,
1,,-10.957305908203125,3999,
1,,-16.144845962524414,4049,
1,,-15.925871849060059,4099,
1,,-16.642629623413086,4149,
1,,-14.754664421081543,4199,
1,,-12.995382308959961,4249,
1,,-17.25416374206543,4299,
1,,-17.21407699584961,4349,
1,,-18.222822189331055,4399,
1,,-11.280609130859375,4449,
1,,-12.1548490524292,4499,
,-13.627370834350586,,4500,
1,,,4499,-13.627370834350586
2,,-12.215988159179688,4549,
2,,-0.7973359823226929,4599,
2,,-15.884718894958496,4649,
2,,-15.631399154663086,4699,
2,,-15.29434871673584,4749,
2,,-12.160578727722168,4799,
2,,-15.644285202026367,4849,
2,,-15.533475875854492,4899,
2,,-15.757255554199219,4949,
2,,-16.17987823486328,4999,
2,,-4.130267143249512,5049,
2,,-17.633785247802734,5099,
2,,-12.12371826171875,5149,
2,,-6.091133117675781,5199,
2,,-16.555561065673828,5249,
2,,-14.809053421020508,5299,
2,,-15.106229782104492,5349,
2,,-11.455093383789062,5399,
2,,-14.021095275878906,5449,
2,,-10.02477741241455,5499,
2,,-16.413511276245117,5549,
2,,-9.908456802368164,5599,
2,,-19.13870620727539,5649,
2,,-17.41592025756836,5699,
2,,-9.120792388916016,5749,
2,,-13.644911766052246,5799,
2,,-14.264025688171387,5849,
2,,-16.025920867919922,5899,
2,,-12.499082565307617,5949,
2,,-18.708343505859375,5999,
2,,-15.409391403198242,6049,
2,,-12.951536178588867,6099,
2,,-14.624271392822266,6149,
2,,-13.555224418640137,6199,
2,,-15.845499038696289,6249,
2,,-15.271490097045898,6299,
2,,-15.12116813659668,6349,
2,,-14.093118667602539,6399,
2,,-12.840239524841309,6449,
2,,-8.908281326293945,6499,
2,,-15.38960075378418,6549,
2,,-16.14011573791504,6599,
2,,-19.417234420776367,6649,
2,,-12.910979270935059,6699,
2,,-12.759661674499512,6749,
,-13.492953300476074,,6750,
2,,,6749,-13.492953300476074
3,,-11.686457633972168,6799,
3,,-13.230979919433594,6849,
3,,-11.257193565368652,6899,
3,,-11.808477401733398,6949,
3,,-17.450960159301758,6999,
3,,-13.901724815368652,7049,
3,,-15.75837230682373,7099,
3,,-17.56493377685547,7149,
3,,-17.737924575805664,7199,
3,,-16.695873260498047,7249,
3,,-15.9771146774292,7299,
3,,-14.271736145019531,7349,
3,,-13.750282287597656,7399,
3,,-14.755534172058105,7449,
3,,-17.16585922241211,7499,
3,,-14.909083366394043,7549,
3,,-11.612092971801758,7599,
3,,-11.945700645446777,7649,
3,,-15.616586685180664,7699,
3,,-10.898300170898438,7749,
3,,-18.070884704589844,7799,
3,,-7.051332473754883,7849,
3,,-17.02245330810547,7899,
3,,-13.700732231140137,7949,
3,,-18.354522705078125,7999,
3,,-18.521230697631836,8049,
3,,-15.574090957641602,8099,
3,,-15.375282287597656,8149,
3,,-17.726720809936523,8199,
3,,-16.7432861328125,8249,
3,,-13.469419479370117,8299,
3,,-16.894062042236328,8349,
3,,-16.580976486206055,8399,
3,,-14.624926567077637,8449,
3,,-14.127534866333008,8499,
3,,-11.63547134399414,8549,
3,,-13.731898307800293,8599,
3,,-16.077470779418945,8649,
3,,-14.063390731811523,8699,
3,,-15.290255546569824,8749,
3,,-13.083250045776367,8799,
3,,-17.200923919677734,8849,
3,,-18.733238220214844,8899,
3,,-15.212381362915039,8949,
3,,-13.751952171325684,8999,
,-14.264869689941406,,9000,
3,,,8999,-14.264869689941406
4,,-15.75446605682373,9049,
4,,-12.553106307983398,9099,
4,,-11.350713729858398,9149,
4,,-13.207633018493652,9199,
4,,-11.762521743774414,9249,
4,,-18.063709259033203,9299,
4,,-12.679221153259277,9349,
4,,-16.266464233398438,9399,
4,,-17.210525512695312,9449,
4,,-11.689170837402344,9499,
4,,-14.221611022949219,9549,
4,,-3.3049559593200684,9599,
4,,-16.38869857788086,9649,
4,,-9.751930236816406,9699,
4,,-17.358203887939453,9749,
4,,-15.601774215698242,9799,
4,,-16.997615814208984,9849,
4,,-13.007329940795898,9899,
4,,-17.059555053710938,9949,
4,,-13.271994590759277,9999,
4,,-21.64501190185547,10049,
4,,-18.013675689697266,10099,
4,,-13.273214340209961,10149,
4,,-15.387212753295898,10199,
4,,-15.704788208007812,10249,
4,,-13.478120803833008,10299,
4,,-16.594757080078125,10349,
4,,-13.882426261901855,10399,
4,,-16.666709899902344,10449,
4,,-12.918975830078125,10499,
4,,-14.273366928100586,10549,
4,,-14.399869918823242,10599,
4,,-15.885467529296875,10649,
4,,-13.276815414428711,10699,
4,,-15.54862117767334,10749,
4,,-16.162071228027344,10799,
4,,-15.968493461608887,10849,
4,,-18.295734405517578,10899,
4,,-14.103938102722168,10949,
4,,-10.091294288635254,10999,
4,,-16.83712387084961,11049,
4,,-14.507759094238281,11099,
4,,-14.214157104492188,11149,
4,,-13.936111450195312,11199,
4,,-14.818801879882812,11249,
,-14.37822151184082,,11250,
4,,,11249,-14.37822151184082
5,,-15.900520324707031,11299,
5,,-14.499738693237305,11349,
5,,-17.665613174438477,11399,
5,,-16.90787124633789,11449,
5,,-17.499359130859375,11499,
5,,-11.727335929870605,11549,
5,,-17.40730857849121,11599,
5,,-11.810544967651367,11649,
5,,-12.658625602722168,11699,
5,,-12.289999961853027,11749,
5,,-17.114036560058594,11799,
5,,-15.529106140136719,11849,
5,,-14.733907699584961,11899,
5,,-12.89936637878418,11949,
5,,-18.118305206298828,11999,
5,,-21.571483612060547,12049,
5,,-13.604914665222168,12099,
5,,-12.086230278015137,12149,
5,,-14.906143188476562,12199,
5,,-15.159022331237793,12249,
5,,-15.921626091003418,12299,
5,,-16.93868637084961,12349,
5,,-15.64569091796875,12399,
5,,-17.70424461364746,12449,
5,,-13.743265151977539,12499,
5,,-13.7130765914917,12549,
5,,-11.826129913330078,12599,
5,,-12.044502258300781,12649,
5,,-15.305757522583008,12699,
5,,-14.113616943359375,12749,
5,,-15.563896179199219,12799,
5,,-13.678207397460938,12849,
5,,-15.624285697937012,12899,
5,,-13.796407699584961,12949,
5,,-16.203567504882812,12999,
5,,-16.28860855102539,13049,
5,,-15.489635467529297,13099,
5,,-14.126840591430664,13149,
5,,-10.525875091552734,13199,
5,,-12.800180435180664,13249,
5,,-15.76624584197998,13299,
5,,-12.690481185913086,13349,
5,,-13.309776306152344,13399,
5,,-12.563314437866211,13449,
5,,-13.709953308105469,13499,
,-14.744233131408691,,13500,
5,,,13499,-14.744233131408691
6,,-14.58814811706543,13549,
6,,-15.797065734863281,13599,
6,,-13.489521026611328,13649,
6,,-12.42054557800293,13699,
6,,-15.371623992919922,13749,
6,,-18.61508560180664,13799,
6,,-13.734832763671875,13849,
6,,-19.155223846435547,13899,
6,,-16.310489654541016,13949,
6,,-13.868520736694336,13999,
6,,-13.515722274780273,14049,
6,,-12.582603454589844,14099,
6,,-14.699851036071777,14149,
6,,-10.568693161010742,14199,
6,,-12.735540390014648,14249,
6,,-10.28404426574707,14299,
6,,-15.182409286499023,14349,
6,,-16.85170555114746,14399,
6,,-18.970458984375,14449,
6,,-18.541118621826172,14499,
6,,-13.137560844421387,14549,
6,,-18.407726287841797,14599,
6,,-17.223901748657227,14649,
6,,-15.10386848449707,14699,
6,,-19.011005401611328,14749,
6,,-17.269393920898438,14799,
6,,-15.134242057800293,14849,
6,,-10.424515724182129,14899,
6,,-12.17774772644043,14949,
6,,-16.572240829467773,14999,
6,,-17.312870025634766,15049,
6,,-16.21511459350586,15099,
6,,-11.918299674987793,15149,
6,,-13.13156509399414,15199,
6,,-17.871417999267578,15249,
6,,-17.4471492767334,15299,
6,,-16.747051239013672,15349,
6,,-17.34474754333496,15399,
6,,-10.166597366333008,15449,
6,,-15.777891159057617,15499,
6,,-12.211002349853516,15549,
6,,-10.955429077148438,15599,
6,,-16.93263816833496,15649,
6,,-16.571151733398438,15699,
6,,-14.861579895019531,15749,
,-12.558391571044922,,15750,
6,,,15749,-12.558391571044922
7,,-10.502945899963379,15799,
7,,-12.712614059448242,15849,
7,,-15.643671989440918,15899,
7,,-19.059831619262695,15949,
7,,-14.451200485229492,15999,
7,,-19.39828872680664,16049,
7,,-18.136533737182617,16099,
7,,-12.486343383789062,16149,
7,,-18.479154586791992,16199,
7,,-12.083410263061523,16249,
7,,-12.072344779968262,16299,
7,,-12.470287322998047,16349,
7,,-5.682823181152344,16399,
7,,-16.69149398803711,16449,
7,,-17.565475463867188,16499,
7,,-18.35726547241211,16549,
7,,-13.084200859069824,16599,
7,,-14.773653030395508,16649,
7,,-14.603775024414062,16699,
7,,-9.171605110168457,16749,
7,,-10.66736125946045,16799,
7,,-19.01224136352539,16849,
7,,-17.490520477294922,16899,
7,,-19.469078063964844,16949,
7,,-15.41731071472168,16999,
7,,-17.974990844726562,17049,
7,,-14.627573013305664,17099,
7,,-13.21082878112793,17149,
7,,-15.076398849487305,17199,
7,,-19.007587432861328,17249,
7,,-11.72431468963623,17299,
7,,-6.7206854820251465,17349,
7,,-15.052562713623047,17399,
7,,-10.953878402709961,17449,
7,,-16.953502655029297,17499,
7,,-13.252311706542969,17549,
7,,-16.642379760742188,17599,
7,,-10.747931480407715,17649,
7,,-16.6027774810791,17699,
7,,-15.879676818847656,17749,
7,,-16.884803771972656,17799,
7,,-17.413970947265625,17849,
7,,-16.25250244140625,17899,
7,,-18.3748836517334,17949,
7,,-11.152052879333496,17999,
,-14.513833045959473,,18000,
7,,,17999,-14.513833045959473
8,,-13.614039421081543,18049,
8,,-13.234016418457031,18099,
8,,-15.413145065307617,18149,
8,,-8.178327560424805,18199,
8,,-15.199132919311523,18249,
8,,-20.406246185302734,18299,
8,,-15.297758102416992,18349,
8,,-15.90869140625,18399,
8,,-13.474344253540039,18449,
8,,-11.789634704589844,18499,
8,,-13.670583724975586,18549,
8,,-19.674291610717773,18599,
8,,-17.527969360351562,18649,
8,,-16.082229614257812,18699,
8,,-15.599798202514648,18749,
8,,-15.560564041137695,18799,
8,,-13.650080680847168,18849,
8,,-20.359691619873047,18899,
8,,-17.559654235839844,18949,
8,,-17.3868350982666,18999,
8,,-9.736987113952637,19049,
8,,-18.736684799194336,19099,
8,,-15.463605880737305,19149,
8,,-12.947458267211914,19199,
8,,-13.414936065673828,19249,
8,,-15.668009757995605,19299,
8,,-12.784621238708496,19349,
8,,-14.615531921386719,19399,
8,,-15.337757110595703,19449,
8,,-14.93818187713623,19499,
8,,-14.863521575927734,19549,
8,,-19.193218231201172,19599,
8,,-14.483134269714355,19649,
8,,-18.273799896240234,19699,
8,,-14.726175308227539,19749,
8,,-17.394241333007812,19799,
8,,-12.069503784179688,19849,
8,,-16.444259643554688,19899,
8,,-12.183727264404297,19949,
8,,-15.726661682128906,19999,
8,,-18.60753631591797,20049,
8,,-12.781639099121094,20099,
8,,-18.246109008789062,20149,
8,,-17.347824096679688,20199,
8,,-14.409616470336914,20249,
,-14.425224304199219,,20250,
8,,,20249,-14.425224304199219
9,,-15.501951217651367,20299,
9,,-16.704679489135742,20349,
9,,-9.520869255065918,20399,
9,,-18.65007209777832,20449,
9,,-20.17181396484375,20499,
9,,-12.717689514160156,20549,
9,,-13.783549308776855,20599,
9,,-15.978301048278809,20649,
9,,-14.52291488647461,20699,
9,,-13.934759140014648,20749,
9,,-17.320831298828125,20799,
9,,-19.176557540893555,20849,
9,,-16.14116668701172,20899,
9,,-15.313709259033203,20949,
9,,-15.805694580078125,20999,
9,,-15.155386924743652,21049,
9,,-18.13067626953125,21099,
9,,-16.6931095123291,21149,
9,,-16.766860961914062,21199,
9,,-19.503408432006836,21249,
9,,-14.188276290893555,21299,
9,,-19.653175354003906,21349,
9,,-17.105873107910156,21399,
9,,-16.14344596862793,21449,
9,,-17.45020294189453,21499,
9,,-10.082332611083984,21549,
9,,-20.145305633544922,21599,
9,,-13.024886131286621,21649,
9,,-14.946867942810059,21699,
9,,-16.537487030029297,21749,
9,,-12.304658889770508,21799,
9,,-15.593942642211914,21849,
9,,-7.750730037689209,21899,
9,,-17.911985397338867,21949,
9,,-14.629488945007324,21999,
9,,-15.712790489196777,22049,
9,,-11.613153457641602,22099,
9,,-13.775583267211914,22149,
9,,-11.8923978805542,22199,
9,,-17.304122924804688,22249,
9,,-18.868717193603516,22299,
9,,-16.557247161865234,22349,
9,,-15.421255111694336,22399,
9,,-13.649053573608398,22449,
9,,-15.392683029174805,22499,
,-13.158463478088379,,22500,
9,,,22499,-13.158463478088379
10,,-13.864531517028809,22549,
10,,-16.695850372314453,22599,
10,,-14.402857780456543,22649,
10,,-11.669815063476562,22699,
10,,-13.884374618530273,22749,
10,,-15.498839378356934,22799,
10,,-13.871390342712402,22849,
10,,-15.05079460144043,22899,
10,,-19.95196533203125,22949,
10,,-16.753787994384766,22999,
10,,-15.794332504272461,23049,
10,,-13.910269737243652,23099,
10,,-17.22740936279297,23149,
10,,-16.20626449584961,23199,
10,,-17.730043411254883,23249,
10,,-17.214237213134766,23299,
10,,-20.9483642578125,23349,
10,,-9.888006210327148,23399,
10,,-15.939508438110352,23449,
10,,-18.363874435424805,23499,
10,,-14.959517478942871,23549,
10,,-18.189708709716797,23599,
10,,-17.262645721435547,23649,
10,,-18.537338256835938,23699,
10,,-16.895973205566406,23749,
10,,-18.6462459564209,23799,
10,,-16.2564754486084,23849,
10,,-11.607597351074219,23899,
10,,-18.40284538269043,23949,
10,,-16.572463989257812,23999,
10,,-18.36705780029297,24049,
10,,-15.933276176452637,24099,
10,,-15.947196960449219,24149,
10,,-14.129562377929688,24199,
10,,-16.240249633789062,24249,
10,,-16.25366973876953,24299,
10,,-15.632243156433105,24349,
10,,-14.72113037109375,24399,
10,,-16.856605529785156,24449,
10,,-15.141319274902344,24499,
10,,-17.827848434448242,24549,
10,,-13.1668119430542,24599,
10,,-13.783934593200684,24649,
10,,-16.561229705810547,24699,
10,,-11.143228530883789,24749,
,-15.838105201721191,,24750,
10,,,24749,-15.838105201721191
11,,-17.216581344604492,24799,
11,,-16.544757843017578,24849,
11,,-18.13408088684082,24899,
11,,-13.019495964050293,24949,
11,,-15.587690353393555,24999,
11,,-17.94015121459961,25049,
11,,-16.504840850830078,25099,
11,,-15.64023208618164,25149,
11,,-18.25886344909668,25199,
11,,-14.99262809753418,25249,
11,,-19.1297550201416,25299,
11,,-15.706504821777344,25349,
11,,-15.30732250213623,25399,
11,,-15.589004516601562,25449,
11,,-15.154719352722168,25499,
11,,-19.601245880126953,25549,
11,,-14.859527587890625,25599,
11,,-13.756694793701172,25649,
11,,-15.617019653320312,25699,
11,,-18.71731185913086,25749,
11,,-13.26843547821045,25799,
11,,-17.655508041381836,25849,
11,,-19.938350677490234,25899,
11,,-18.682357788085938,25949,
11,,-12.848376274108887,25999,
11,,-18.494306564331055,26049,
11,,-20.699790954589844,26099,
11,,-16.851581573486328,26149,
11,,-7.119630336761475,26199,
11,,-12.56353759765625,26249,
11,,-19.380474090576172,26299,
11,,-17.491458892822266,26349,
11,,-17.471296310424805,26399,
11,,-17.03493309020996,26449,
11,,-15.006911277770996,26499,
11,,-17.80107879638672,26549,
11,,-12.774921417236328,26599,
11,,-19.880847930908203,26649,
11,,-13.52459716796875,26699,
11,,-18.050655364990234,26749,
11,,-20.695842742919922,26799,
11,,-9.684860229492188,26849,
11,,-16.387958526611328,26899,
11,,-18.565364837646484,26949,
11,,-14.227605819702148,26999,
,-15.910654067993164,,27000,
11,,,26999,-15.910654067993164
12,,-17.671659469604492,27049,
12,,-17.775360107421875,27099,
12,,-15.703092575073242,27149,
12,,-13.995448112487793,27199,
12,,-18.230764389038086,27249,
12,,-17.875164031982422,27299,
12,,-15.19593620300293,27349,
12,,-16.487342834472656,27399,
12,,-14.388278007507324,27449,
12,,-18.83609962463379,27499,
12,,-16.497310638427734,27549,
12,,-21.636394500732422,27599,
12,,-16.055606842041016,27649,
12,,-17.5185489654541,27699,
12,,-16.688392639160156,27749,
12,,-17.37041664123535,27799,
12,,-18.86440086364746,27849,
12,,-14.195133209228516,27899,
12,,-22.186325073242188,27949,
12,,-18.637771606445312,27999,
12,,-15.309866905212402,28049,
12,,-16.022287368774414,28099,
12,,-17.08272933959961,28149,
12,,-16.194591522216797,28199,
12,,-16.950790405273438,28249,
12,,-14.771415710449219,28299,
12,,-14.852691650390625,28349,
12,,-15.503726959228516,28399,
12,,-19.861711502075195,28449,
12,,-12.925196647644043,28499,
12,,-19.047500610351562,28549,
12,,-16.166004180908203,28599,
12,,-12.486467361450195,28649,
12,,-12.62863540649414,28699,
12,,-14.190475463867188,28749,
12,,-12.737971305847168,28799,
12,,-20.33228302001953,28849,
12,,-14.641959190368652,28899,
12,,-18.407821655273438,28949,
12,,-21.00118064880371,28999,
12,,-13.329721450805664,29049,
12,,-16.169715881347656,29099,
12,,-15.984800338745117,29149,
12,,-19.018901824951172,29199,
12,,-12.04393196105957,29249,
,-15.852001190185547,,29250,
12,,,29249,-15.852001190185547
13,,-20.478565216064453,29299,
13,,-18.807418823242188,29349,
13,,-14.065437316894531,29399,
13,,-18.148630142211914,29449,
13,,-12.313036918640137,29499,
13,,-19.11741065979004,29549,
13,,-15.257793426513672,29599,
13,,-15.896078109741211,29649,
13,,-16.18674087524414,29699,
13,,-20.017276763916016,29749,
13,,-15.008907318115234,29799,
13,,-17.483613967895508,29849,
13,,-18.992956161499023,29899,
13,,-19.18444061279297,29949,
13,,-15.493060111999512,29999,
13,,-13.883101463317871,30049,
13,,-17.225719451904297,30099,
13,,-19.63603973388672,30149,
13,,-14.136317253112793,30199,
13,,-16.56365203857422,30249,
13,,-14.640830993652344,30299,
13,,-19.254634857177734,30349,
13,,-16.05742835998535,30399,
13,,-14.526283264160156,30449,
13,,-20.43854331970215,30499,
13,,-18.728933334350586,30549,
13,,-11.801708221435547,30599,
13,,-18.232711791992188,30649,
13,,-15.88272476196289,30699,
13,,-16.18023681640625,30749,
13,,-14.515775680541992,30799,
13,,-15.114540100097656,30849,
13,,-17.06539535522461,30899,
13,,-13.284074783325195,30949,
13,,-18.26274299621582,30999,
13,,-22.66370391845703,31049,
13,,-17.397930145263672,31099,
13,,-16.249086380004883,31149,
13,,-13.387568473815918,31199,
13,,-15.823184967041016,31249,
13,,-15.23737621307373,31299,
13,,-18.71114158630371,31349,
13,,-19.161319732666016,31399,
13,,-17.68692398071289,31449,
13,,-12.526949882507324,31499,
,-15.985793113708496,,31500,
13,,,31499,-15.985793113708496
14,,-18.248157501220703,31549,
14,,-14.322853088378906,31599,
14,,-14.299850463867188,31649,
14,,-14.426623344421387,31699,
14,,-16.595067977905273,31749,
14,,-13.677717208862305,31799,
14,,-13.546304702758789,31849,
14,,-14.438270568847656,31899,
14,,-18.142112731933594,31949,
14,,-15.735346794128418,31999,
14,,-15.30224895477295,32049,
14,,-18.467323303222656,32099,
14,,-15.251571655273438,32149,
14,,-17.839380264282227,32199,
14,,-14.63221549987793,32249,
14,,-16.381628036499023,32299,
14,,-18.197219848632812,32349,
14,,-19.637468338012695,32399,
14,,-20.75587272644043,32449,
14,,-16.959484100341797,32499,
14,,-17.138896942138672,32549,
14,,-18.90231704711914,32599,
14,,-13.324518203735352,32649,
14,,-15.491584777832031,32699,
14,,-16.0855770111084,32749,
14,,-2.9003844261169434,32799,
14,,-17.103694915771484,32849,
14,,-19.037086486816406,32899,
14,,-16.19117546081543,32949,
14,,-18.77113151550293,32999,
14,,-16.20656394958496,33049,
14,,-4.760772705078125,33099,
14,,-18.11254119873047,33149,
14,,-13.865097045898438,33199,
14,,-13.826330184936523,33249,
14,,-16.828330993652344,33299,
14,,-18.934864044189453,33349,
14,,-12.576800346374512,33399,
14,,-16.918148040771484,33449,
14,,-16.20296287536621,33499,
14,,-17.149639129638672,33549,
14,,-20.944469451904297,33599,
14,,-15.71726131439209,33649,
14,,-17.576492309570312,33699,
14,,-16.838294982910156,33749,
,-14.825095176696777,,33750,
14,,,33749,-14.825095176696777
15,,-20.70940589904785,33799,
15,,-15.437400817871094,33849,
15,,-11.0722074508667,33899,
15,,-20.98150634765625,33949,
15,,-16.462060928344727,33999,
15,,-14.74249267578125,34049,
15,,-15.173140525817871,34099,
15,,-14.81532096862793,34149,
15,,-15.067683219909668,34199,
15,,-20.548248291015625,34249,
15,,-13.304553031921387,34299,
15,,-18.981008529663086,34349,
15,,-15.63074779510498,34399,
15,,-15.993369102478027,34449,
15,,-16.400907516479492,34499,
15,,-14.111642837524414,34549,
15,,-17.313865661621094,34599,
15,,-20.03597640991211,34649,
15,,-16.160385131835938,34699,
15,,-19.163227081298828,34749,
15,,-18.62236785888672,34799,
15,,-20.205059051513672,34849,
15,,-24.34674644470215,34899,
15,,-13.058210372924805,34949,
15,,-16.63715171813965,34999,
15,,-15.370723724365234,35049,
15,,-12.431045532226562,35099,
15,,-13.88079833984375,35149,
15,,-16.983875274658203,35199,
15,,-17.48629379272461,35249,
15,,-14.239462852478027,35299,
15,,-18.779882431030273,35349,
15,,-16.77623748779297,35399,
15,,-15.364084243774414,35449,
15,,-14.366094589233398,35499,
15,,-15.684981346130371,35549,
15,,-19.07935333251953,35599,
15,,-15.412066459655762,35649,
15,,-14.78042984008789,35699,
15,,-15.852100372314453,35749,
15,,-16.626373291015625,35799,
15,,-17.19147300720215,35849,
15,,-17.03995132446289,35899,
15,,-17.916059494018555,35949,
15,,-13.798810958862305,35999,
,-16.128414154052734,,36000,
15,,,35999,-16.128414154052734
16,,-22.246524810791016,36049,
16,,-13.28699016571045,36099,
16,,-15.419279098510742,36149,
16,,-14.814748764038086,36199,
16,,-15.658239364624023,36249,
16,,-16.04231071472168,36299,
16,,-17.874847412109375,36349,
16,,-17.0734920501709,36399,
16,,-18.450944900512695,36449,
16,,-14.10412883758545,36499,
16,,-18.622846603393555,36549,
16,,-18.144569396972656,36599,
16,,-15.372552871704102,36649,
16,,-16.870025634765625,36699,
16,,-12.64960765838623,36749,
16,,-15.303516387939453,36799,
16,,-17.944210052490234,36849,
16,,-16.86400604248047,36899,
16,,-16.254535675048828,36949,
16,,-16.431150436401367,36999,
16,,-19.560871124267578,37049,
16,,-16.01188850402832,37099,
16,,-17.85190200805664,37149,
16,,-19.17208480834961,37199,
16,,-17.90076446533203,37249,
16,,-13.311309814453125,37299,
16,,-13.706259727478027,37349,
16,,-14.829203605651855,37399,
16,,-15.236228942871094,37449,
16,,-18.765710830688477,37499,
16,,-16.052833557128906,37549,
16,,-15.893492698669434,37599,
16,,-13.036794662475586,37649,
16,,-21.255544662475586,37699,
16,,-13.988676071166992,37749,
16,,-17.180755615234375,37799,
16,,-15.926021575927734,37849,
16,,-18.434423446655273,37899,
16,,-17.510406494140625,37949,
16,,-19.854534149169922,37999,
16,,-20.98457145690918,38049,
16,,-16.419015884399414,38099,
16,,-17.743141174316406,38149,
16,,-19.558542251586914,38199,
16,,-17.561031341552734,38249,
,-14.491806983947754,,38250,
16,,,38249,-14.491806983947754
17,,-16.91351890563965,38299,
17,,-18.61849594116211,38349,
17,,-16.885032653808594,38399,
17,,-13.22098159790039,38449,
17,,-21.42391014099121,38499,
17,,-13.585168838500977,38549,
17,,-6.32357931137085,38599,
17,,-17.697397232055664,38649,
17,,-15.188238143920898,38699,
17,,-20.579547882080078,38749,
17,,-12.1253662109375,38799,
17,,-22.46405601501465,38849,
17,,-16.693103790283203,38899,
17,,-19.043325424194336,38949,
17,,-17.74588394165039,38999,
17,,-20.63486099243164,39049,
17,,-18.45718765258789,39099,
17,,-12.714350700378418,39149,
17,,-17.238861083984375,39199,
17,,-15.028739929199219,39249,
17,,-19.702756881713867,39299,
17,,-14.737022399902344,39349,
17,,-6.103999137878418,39399,
17,,-16.504117965698242,39449,
17,,-17.12331771850586,39499,
17,,-14.836370468139648,39549,
17,,-19.40572738647461,39599,
17,,-16.24617576599121,39649,
17,,-15.417928695678711,39699,
17,,-19.44281768798828,39749,
17,,-17.177377700805664,39799,
17,,-17.03229522705078,39849,
17,,-16.082279205322266,39899,
17,,-16.24661636352539,39949,
17,,-21.027019500732422,39999,
17,,-17.236995697021484,40049,
17,,-15.494681358337402,40099,
17,,-14.035221099853516,40149,
17,,-13.69929313659668,40199,
17,,-12.603225708007812,40249,
17,,-16.314571380615234,40299,
17,,-16.720050811767578,40349,
17,,-16.59864616394043,40399,
17,,-16.317867279052734,40449,
17,,-20.4034481048584,40499,
,-15.863107681274414,,40500,
17,,,40499,-15.863107681274414
18,,-15.633710861206055,40549,
18,,-15.788261413574219,40599,
18,,-15.365835189819336,40649,
18,,-21.11561393737793,40699,
18,,-17.715742111206055,40749,
18,,-15.542503356933594,40799,
18,,-20.145771026611328,40849,
18,,-16.61929702758789,40899,
18,,-17.2154598236084,40949,
18,,-15.870397567749023,40999,
18,,-13.067180633544922,41049,
18,,-15.46624755859375,41099,
18,,-15.022642135620117,41149,
18,,-12.855049133300781,41199,
18,,-19.255815505981445,41249,
18,,-16.165050506591797,41299,
18,,-17.37712860107422,41349,
18,,-20.003007888793945,41399,
18,,-18.149089813232422,41449,
18,,-19.854236602783203,41499,
18,,-16.477436065673828,41549,
18,,-19.89830780029297,41599,
18,,-12.425201416015625,41649,
18,,-15.522541046142578,41699,
18,,-11.96701717376709,41749,
18,,-17.876750946044922,41799,
18,,-18.79938316345215,41849,
18,,-19.184118270874023,41899,
18,,-16.293119430541992,41949,
18,,-18.273109436035156,41999,
18,,-12.128400802612305,42049,
18,,-16.283130645751953,42099,
18,,-18.220842361450195,42149,
18,,-18.226985931396484,42199,
18,,-20.350255966186523,42249,
18,,-19.69659996032715,42299,
18,,-15.308191299438477,42349,
18,,-16.480960845947266,42399,
18,,-18.82660675048828,42449,
18,,-18.262792587280273,42499,
18,,-13.034937858581543,42549,
18,,-16.45148277282715,42599,
18,,-19.580101013183594,42649,
18,,-17.775596618652344,42699,
18,,-16.9502010345459,42749,
,-15.327589988708496,,42750,
18,,,42749,-15.327589988708496
19,,-16.739601135253906,42799,
19,,-14.133415222167969,42849,
19,,-14.1943998336792,42899,
19,,-19.06208038330078,42949,
19,,-16.745098114013672,42999,
19,,-20.596670150756836,43049,
19,,-19.688438415527344,43099,
19,,-18.34021759033203,43149,
19,,-13.359169006347656,43199,
19,,-18.96844482421875,43249,
19,,-16.74406623840332,43299,
19,,-20.76296615600586,43349,
19,,-18.769439697265625,43399,
19,,-17.411121368408203,43449,
19,,-16.54120635986328,43499,
19,,-18.33595085144043,43549,
19,,-12.058540344238281,43599,
19,,-17.861351013183594,43649,
19,,-17.578994750976562,43699,
19,,-19.25341033935547,43749,
19,,-18.59720230102539,43799,
19,,-17.340496063232422,43849,
19,,-15.371607780456543,43899,
19,,-16.58863639831543,43949,
19,,-14.718559265136719,43999,
19,,-14.07661247253418,44049,
19,,-15.920584678649902,44099,
19,,-13.34730339050293,44149,
19,,-15.243690490722656,44199,
19,,-17.66851043701172,44249,
19,,-18.34366226196289,44299,
19,,-20.736068725585938,44349,
19,,-14.520959854125977,44399,
19,,-19.532941818237305,44449,
19,,-16.425418853759766,44499,
19,,-16.50666618347168,44549,
19,,-15.897250175476074,44599,
19,,-10.021928787231445,44649,
19,,-15.036542892456055,44699,
19,,-19.949359893798828,44749,
19,,-13.499214172363281,44799,
19,,-21.374526977539062,44849,
19,,-16.004989624023438,44899,
19,,-14.231974601745605,44949,
19,,-15.718589782714844,44999,
,-16.00928497314453,,45000,
19,,,44999,-16.00928497314453
20,,-17.307825088500977,45049,
20,,-17.801511764526367,45099,
20,,-15.361444473266602,45149,
20,,-15.725398063659668,45199,
20,,-13.956722259521484,45249,
20,,-23.836288452148438,45299,
20,,-18.648426055908203,45349,
20,,-21.046669006347656,45399,
20,,-16.600910186767578,45449,
20,,-20.21916961669922,45499,
20,,-16.718975067138672,45549,
20,,-20.594385147094727,45599,
20,,-20.119155883789062,45649,
20,,-14.874334335327148,45699,
20,,-13.830121994018555,45749,
20,,-12.422386169433594,45799,
20,,-14.476661682128906,45849,
20,,-15.96687126159668,45899,
20,,-17.052282333374023,45949,
20,,-12.601763725280762,45999,
20,,-17.908315658569336,46049,
20,,-16.850154876708984,46099,
20,,-18.913959503173828,46149,
20,,-17.667930603027344,46199,
20,,-19.074338912963867,46249,
20,,-14.100500106811523,46299,
20,,-21.88092613220215,46349,
20,,-17.939043045043945,46399,
20,,-13.837060928344727,46449,
20,,-19.69864273071289,46499,
20,,-18.379268646240234,46549,
20,,-14.578903198242188,46599,
20,,-18.501121520996094,46649,
20,,-17.493492126464844,46699,
20,,-20.27634048461914,46749,
20,,-16.044963836669922,46799,
20,,-17.702545166015625,46849,
20,,-17.08778190612793,46899,
20,,-16.380836486816406,46949,
20,,-17.928083419799805,46999,
20,,-16.32089614868164,47049,
20,,-18.44244956970215,47099,
20,,-14.667585372924805,47149,
20,,-17.584070205688477,47199,
20,,-16.33698272705078,47249,
,-16.275835037231445,,47250,
20,,,47249,-16.275835037231445
21,,-15.215492248535156,47299,
21,,-18.67780113220215,47349,
21,,-15.114986419677734,47399,
21,,-12.977235794067383,47449,
21,,-22.803253173828125,47499,
21,,-14.921184539794922,47549,
21,,-13.318754196166992,47599,
21,,-18.17929458618164,47649,
21,,-17.81073570251465,47699,
21,,-11.187553405761719,47749,
21,,-17.681127548217773,47799,
21,,-16.537580490112305,47849,
21,,-15.476473808288574,47899,
21,,-14.523849487304688,47949,
21,,-16.939817428588867,47999,
21,,-17.369049072265625,48049,
21,,-16.720619201660156,48099,
21,,-20.80612564086914,48149,
21,,-16.783710479736328,48199,
21,,-15.542661666870117,48249,
21,,-20.008506774902344,48299,
21,,-15.710803031921387,48349,
21,,-16.2045841217041,48399,
21,,-16.3553409576416,48449,
21,,-16.503524780273438,48499,
21,,-17.663496017456055,48549,
21,,-15.40308952331543,48599,
21,,-18.15990447998047,48649,
21,,-16.505041122436523,48699,
21,,-18.63321304321289,48749,
21,,-17.268077850341797,48799,
21,,-18.292707443237305,48849,
21,,-19.191694259643555,48899,
21,,-12.917936325073242,48949,
21,,-16.842281341552734,48999,
21,,-15.849830627441406,49049,
21,,-3.8328418731689453,49099,
21,,-19.274322509765625,49149,
21,,-14.843528747558594,49199,
21,,-15.612127304077148,49249,
21,,-14.953315734863281,49299,
21,,-14.747218132019043,49349,
21,,-15.990092277526855,49399,
21,,-17.79096031188965,49449,
21,,-17.232187271118164,49499,
,-16.22065544128418,,49500,
21,,,49499,-16.22065544128418
22,,-17.210132598876953,49549,
22,,-18.96932601928711,49599,
22,,-18.680784225463867,49649,
22,,-22.961750030517578,49699,
22,,-16.555349349975586,49749,
22,,-18.185020446777344,49799,
22,,-19.0078067779541,49849,
22,,-18.544490814208984,49899,
22,,-18.80022621154785,49949,
22,,-20.041427612304688,49999,
22,,-16.2152156829834,50049,
22,,-13.02075481414795,50099,
22,,-19.460494995117188,50149,
22,,-19.117904663085938,50199,
22,,-18.205785751342773,50249,
22,,-15.381010055541992,50299,
22,,-12.203761100769043,50349,
22,,-20.671798706054688,50399,
22,,-18.49034881591797,50449,
22,,-13.877141952514648,50499,
22,,-19.18158721923828,50549,
22,,-18.155132293701172,50599,
22,,-15.531282424926758,50649,
22,,-16.29325294494629,50699,
22,,-17.845172882080078,50749,
22,,-22.48245620727539,50799,
22,,-15.580842971801758,50849,
22,,-18.340007781982422,50899,
22,,-13.896743774414062,50949,
22,,-19.38819122314453,50999,
22,,-21.827388763427734,51049,
22,,-16.963306427001953,51099,
22,,-16.32753562927246,51149,
22,,-18.885543823242188,51199,
22,,-17.999732971191406,51249,
22,,-18.026386260986328,51299,
22,,-14.974676132202148,51349,
22,,-18.21920394897461,51399,
22,,-19.408559799194336,51449,
22,,-15.347766876220703,51499,
22,,-13.870075225830078,51549,
22,,-16.02210807800293,51599,
22,,-13.226949691772461,51649,
22,,-16.305946350097656,51699,
22,,-18.115257263183594,51749,
,-16.307703018188477,,51750,
22,,,51749,-16.307703018188477
23,,-12.335909843444824,51799,
23,,-13.933688163757324,51849,
23,,-7.822253227233887,51899,
23,,-15.343221664428711,51949,
23,,-16.23969078063965,51999,
23,,-14.435270309448242,52049,
23,,-13.497640609741211,52099,
23,,-14.666908264160156,52149,
23,,-16.862682342529297,52199,
23,,-17.55109977722168,52249,
23,,-17.240734100341797,52299,
23,,-15.562803268432617,52349,
23,,-17.83444595336914,52399,
23,,-21.885025024414062,52449,
23,,-14.704320907592773,52499,
23,,-15.333602905273438,52549,
23,,-13.743738174438477,52599,
23,,-24.718299865722656,52649,
23,,-20.795787811279297,52699,
23,,-16.33551025390625,52749,
23,,-11.28268051147461,52799,
23,,-19.097929000854492,52849,
23,,-11.64029598236084,52899,
23,,-16.594091415405273,52949,
23,,-20.422557830810547,52999,
23,,-15.396286010742188,53049,
23,,-20.600065231323242,53099,
23,,-13.591697692871094,53149,
23,,-19.725128173828125,53199,
23,,-14.45269775390625,53249,
23,,-18.54900550842285,53299,
23,,-14.955622673034668,53349,
23,,-18.449199676513672,53399,
23,,-17.13048553466797,53449,
23,,-15.432037353515625,53499,
23,,-15.165724754333496,53549,
23,,-14.209569931030273,53599,
23,,-13.952356338500977,53649,
23,,-15.8704252243042,53699,
23,,-13.975004196166992,53749,
23,,-17.608646392822266,53799,
23,,-18.23491096496582,53849,
23,,-18.061649322509766,53899,
23,,-18.915464401245117,53949,
23,,-17.008758544921875,53999,
,-16.014022827148438,,54000,
23,,,53999,-16.014022827148438
24,,-17.680408477783203,54049,
24,,-20.02726173400879,54099,
24,,-20.353965759277344,54149,
24,,-19.236515045166016,54199,
24,,-15.850970268249512,54249,
24,,-18.75136947631836,54299,
24,,-17.530208587646484,54349,
24,,-19.097347259521484,54399,
24,,-16.95654296875,54449,
24,,-18.899169921875,54499,
24,,-15.218806266784668,54549,
24,,-16.708398818969727,54599,
24,,-15.773791313171387,54649,
24,,-17.459537506103516,54699,
24,,-18.75110626220703,54749,
24,,-18.47511100769043,54799,
24,,-18.011812210083008,54849,
24,,-20.394447326660156,54899,
24,,-14.637691497802734,54949,
24,,-17.250553131103516,54999,
24,,-17.93550682067871,55049,
24,,-17.49969482421875,55099,
24,,-16.874418258666992,55149,
24,,-19.99640464782715,55199,
24,,-13.881122589111328,55249,
24,,-15.215127944946289,55299,
24,,-18.170269012451172,55349,
24,,-20.008073806762695,55399,
24,,-17.14126205444336,55449,
24,,-12.8095121383667,55499,
24,,-16.78607749938965,55549,
24,,-13.064654350280762,55599,
24,,-17.76665496826172,55649,
24,,-17.30843162536621,55699,
24,,-19.066505432128906,55749,
24,,-17.323104858398438,55799,
24,,-16.211021423339844,55849,
24,,-17.700265884399414,55899,
24,,-18.20404052734375,55949,
24,,-13.452506065368652,55999,
24,,-21.22500228881836,56049,
24,,-16.144054412841797,56099,
24,,-13.874140739440918,56149,
24,,-11.927627563476562,56199,
24,,-16.293434143066406,56249,
,-16.3680477142334,,56250,
24,,,56249,-16.3680477142334
25,,-21.574737548828125,56299,
25,,-14.099886894226074,56349,
25,,-16.228567123413086,56399,
25,,-11.833006858825684,56449,
25,,-22.594375610351562,56499,
25,,-13.266143798828125,56549,
25,,-16.41657829284668,56599,
25,,-16.761396408081055,56649,
25,,-18.171588897705078,56699,
25,,-20.162511825561523,56749,
25,,-16.101274490356445,56799,
25,,-16.749954223632812,56849,
25,,-17.457656860351562,56899,
25,,-17.189250946044922,56949,
25,,-18.706092834472656,56999,
25,,-16.832530975341797,57049,
25,,-17.169761657714844,57099,
25,,-13.809351921081543,57149,
25,,-18.440893173217773,57199,
25,,-17.028045654296875,57249,
25,,-19.87594223022461,57299,
25,,-14.35047721862793,57349,
25,,-16.67857551574707,57399,
25,,-18.476856231689453,57449,
25,,-17.108856201171875,57499,
25,,-13.954963684082031,57549,
25,,-18.297338485717773,57599,
25,,-17.73061180114746,57649,
25,,-13.675978660583496,57699,
25,,-17.483898162841797,57749,
25,,-17.507205963134766,57799,
25,,-15.70563793182373,57849,
25,,-15.311915397644043,57899,
25,,-18.081504821777344,57949,
25,,-14.233514785766602,57999,
25,,-20.138072967529297,58049,
25,,-13.302528381347656,58099,
25,,-22.57819175720215,58149,
25,,-18.404891967773438,58199,
25,,-13.050695419311523,58249,
25,,-15.311904907226562,58299,
25,,-16.30537986755371,58349,
25,,-18.297252655029297,58399,
25,,-17.850799560546875,58449,
25,,-17.21033477783203,58499,
,-16.30695915222168,,58500,
25,,,58499,-16.30695915222168
26,,-20.17463493347168,58549,
26,,-15.436328887939453,58599,
26,,-14.401622772216797,58649,
26,,-19.145103454589844,58699,
26,,-21.742666244506836,58749,
26,,-15.193199157714844,58799,
26,,-15.003194808959961,58849,
26,,-18.479848861694336,58899,
26,,-16.00118064880371,58949,
26,,-16.87762451171875,58999,
26,,-15.604682922363281,59049,
26,,-18.517850875854492,59099,
26,,-13.857649803161621,59149,
26,,-13.805006980895996,59199,
26,,-17.190589904785156,59249,
26,,-18.674421310424805,59299,
26,,-18.498062133789062,59349,
26,,-21.35814666748047,59399,
26,,-15.959142684936523,59449,
26,,-11.499002456665039,59499,
26,,-17.738094329833984,59549,
26,,-19.92668914794922,59599,
26,,-15.189302444458008,59649,
26,,-23.004955291748047,59699,
26,,-15.9307861328125,59749,
26,,-12.79030990600586,59799,
26,,-20.2303466796875,59849,
26,,-15.633459091186523,59899,
26,,-20.50839614868164,59949,
26,,-14.933988571166992,59999,
26,,-15.33416748046875,60049,
26,,-19.268203735351562,60099,
26,,-12.545512199401855,60149,
26,,-18.334121704101562,60199,
26,,-17.215360641479492,60249,
26,,-18.13648796081543,60299,
26,,-17.41275405883789,60349,
26,,-15.006093978881836,60399,
26,,-13.798492431640625,60449,
26,,-15.555898666381836,60499,
26,,-17.463478088378906,60549,
26,,-13.464568138122559,60599,
26,,-17.36763572692871,60649,
26,,-19.014671325683594,60699,
26,,-16.37681007385254,60749,
,-16.344938278198242,,60750,
26,,,60749,-16.344938278198242
27,,-21.8721981048584,60799,
27,,-16.494571685791016,60849,
27,,-19.594289779663086,60899,
27,,-11.324938774108887,60949,
27,,-16.478975296020508,60999,
27,,-18.584300994873047,61049,
27,,-17.59046173095703,61099,
27,,-15.39030647277832,61149,
27,,-18.077213287353516,61199,
27,,-17.316530227661133,61249,
27,,-19.534339904785156,61299,
27,,-15.975089073181152,61349,
27,,-15.516693115234375,61399,
27,,-17.35174560546875,61449,
27,,-15.64445686340332,61499,
27,,-17.40113639831543,61549,
27,,-17.280364990234375,61599,
27,,-16.545921325683594,61649,
27,,-20.371368408203125,61699,
27,,-17.344532012939453,61749,
27,,-19.28995132446289,61799,
27,,-14.061861991882324,61849,
27,,-13.581378936767578,61899,
27,,-17.090307235717773,61949,
27,,-15.599425315856934,61999,
27,,-16.53833770751953,62049,
27,,-16.063949584960938,62099,
27,,-15.590411186218262,62149,
27,,-17.967260360717773,62199,
27,,-16.27581787109375,62249,
27,,-18.021949768066406,62299,
27,,-17.077880859375,62349,
27,,-14.508929252624512,62399,
27,,-17.03485870361328,62449,
27,,-15.988716125488281,62499,
27,,-15.152915954589844,62549,
27,,-16.364025115966797,62599,
27,,-17.375417709350586,62649,
27,,-18.570144653320312,62699,
27,,-17.47560691833496,62749,
27,,-16.329608917236328,62799,
27,,-19.077404022216797,62849,
27,,-19.463958740234375,62899,
27,,-22.58881950378418,62949,
27,,-19.756202697753906,62999,
,-16.25627899169922,,63000,
27,,,62999,-16.25627899169922
28,,-19.421003341674805,63049,
28,,-14.414912223815918,63099,
28,,-16.163837432861328,63149,
28,,-17.592252731323242,63199,
28,,-17.495573043823242,63249,
28,,-18.707927703857422,63299,
28,,-16.38579559326172,63349,
28,,-14.458173751831055,63399,
28,,-18.962291717529297,63449,
28,,-24.015506744384766,63499,
28,,-14.489709854125977,63549,
28,,-18.583431243896484,63599,
28,,-18.350889205932617,63649,
28,,-17.186756134033203,63699,
28,,-14.679652214050293,63749,
28,,-16.856204986572266,63799,
28,,-15.165382385253906,63849,
28,,-16.359254837036133,63899,
28,,-15.967947006225586,63949,
28,,-18.350099563598633,63999,
28,,-17.520355224609375,64049,
28,,-17.174772262573242,64099,
28,,-15.540435791015625,64149,
28,,-17.44300651550293,64199,
28,,-15.747396469116211,64249,
28,,-18.421463012695312,64299,
28,,-15.140134811401367,64349,
28,,-17.95050048828125,64399,
28,,-14.744379043579102,64449,
28,,-20.236186981201172,64499,
28,,-19.950931549072266,64549,
28,,-15.726974487304688,64599,
28,,-19.99338150024414,64649,
28,,-17.60101318359375,64699,
28,,-18.520580291748047,64749,
28,,-14.39099407196045,64799,
28,,-19.472803115844727,64849,
28,,-14.097831726074219,64899,
28,,-16.958404541015625,64949,
28,,-17.313209533691406,64999,
28,,-15.781824111938477,65049,
28,,-15.994742393493652,65099,
28,,-13.609588623046875,65149,
28,,-17.12433433532715,65199,
28,,-18.49697494506836,65249,
,-16.416534423828125,,65250,
28,,,65249,-16.416534423828125
29,,-20.190723419189453,65299,
29,,-18.624671936035156,65349,
29,,-14.449970245361328,65399,
29,,-20.72595977783203,65449,
29,,-18.246017456054688,65499,
29,,-14.83176040649414,65549,
29,,-12.380392074584961,65599,
29,,-17.056419372558594,65649,
29,,-18.62226104736328,65699,
29,,-17.88882827758789,65749,
29,,-15.70020580291748,65799,
29,,-18.99108123779297,65849,
29,,-16.728527069091797,65899,
29,,-16.862564086914062,65949,
29,,-17.0888671875,65999,
29,,-19.162322998046875,66049,
29,,-15.490691184997559,66099,
29,,-20.00641632080078,66149,
29,,-19.409244537353516,66199,
29,,0.08448219299316406,66249,
29,,-21.03371238708496,66299,
29,,-17.80714988708496,66349,
29,,-16.050430297851562,66399,
29,,-11.818263053894043,66449,
29,,-19.523935317993164,66499,
29,,-20.239051818847656,66549,
29,,-17.470478057861328,66599,
29,,-17.516887664794922,66649,
29,,-12.681146621704102,66699,
29,,-16.79262351989746,66749,
29,,-16.27550506591797,66799,
29,,-16.19882583618164,66849,
29,,-15.970701217651367,66899,
29,,-13.996915817260742,66949,
29,,-20.89423942565918,66999,
29,,-15.33326244354248,67049,
29,,-17.73681640625,67099,
29,,-14.501368522644043,67149,
29,,-12.915334701538086,67199,
29,,-17.07025909423828,67249,
29,,-19.98517608642578,67299,
29,,-19.075796127319336,67349,
29,,-19.54813003540039,67399,
29,,-17.5054931640625,67449,
29,,-17.301311492919922,67499,
,-16.298654556274414,,67500,
29,,,67499,-16.298654556274414
30,,-16.739299774169922,67549,
30,,-17.839767456054688,67599,
30,,-16.875045776367188,67649,
30,,-15.616340637207031,67699,
30,,-14.400125503540039,67749,
30,,-17.079618453979492,67799,
30,,-19.537166595458984,67849,
30,,-16.51563262939453,67899,
30,,-15.644357681274414,67949,
30,,-14.604063987731934,67999,
30,,-15.302490234375,68049,
30,,-14.929862976074219,68099,
30,,-17.095808029174805,68149,
30,,-17.743993759155273,68199,
30,,-17.427593231201172,68249,
30,,-18.156085968017578,68299,
30,,-21.067203521728516,68349,
30,,-18.53893280029297,68399,
30,,-18.80670738220215,68449,
30,,-18.880802154541016,68499,
30,,-15.670366287231445,68549,
30,,-14.790132522583008,68599,
30,,-17.399011611938477,68649,
30,,-21.080989837646484,68699,
30,,-18.370059967041016,68749,
30,,-19.38833999633789,68799,
30,,-12.1548490524292,68849,
30,,-21.757640838623047,68899,
30,,-14.368033409118652,68949,
30,,-12.806997299194336,68999,
30,,-17.70710563659668,69049,
30,,-18.964946746826172,69099,
30,,-19.865951538085938,69149,
30,,-18.130859375,69199,
30,,-14.311015129089355,69249,
30,,-20.302425384521484,69299,
30,,-16.458152770996094,69349,
30,,-17.168498992919922,69399,
30,,-16.20974349975586,69449,
30,,-18.43317413330078,69499,
30,,-17.017623901367188,69549,
30,,-21.519119262695312,69599,
30,,-13.5907621383667,69649,
30,,-17.69403076171875,69699,
30,,-15.219297409057617,69749,
,-16.243410110473633,,69750,
30,,,69749,-16.243410110473633
31,,-15.422832489013672,69799,
31,,-15.710784912109375,69849,
31,,-20.645328521728516,69899,
31,,-18.466026306152344,69949,
31,,-21.46343994140625,69999,
31,,-17.300899505615234,70049,
31,,-15.036433219909668,70099,
31,,-20.967206954956055,70149,
31,,-17.152366638183594,70199,
31,,-20.659042358398438,70249,
31,,-11.588149070739746,70299,
31,,-18.49679183959961,70349,
31,,-18.619359970092773,70399,
31,,-20.347187042236328,70449,
31,,-15.689261436462402,70499,
31,,-15.735369682312012,70549,
31,,-18.031280517578125,70599,
31,,-18.25867462158203,70649,
31,,-13.354839324951172,70699,
31,,-16.524982452392578,70749,
31,,-14.351710319519043,70799,
31,,-23.00019073486328,70849,
31,,-13.164713859558105,70899,
31,,-15.76789665222168,70949,
31,,-20.579130172729492,70999,
31,,-17.19271469116211,71049,
31,,-14.524467468261719,71099,
31,,-18.067596435546875,71149,
31,,-16.690689086914062,71199,
31,,-11.8494291305542,71249,
31,,-17.804759979248047,71299,
31,,-17.769033432006836,71349,
31,,-15.058050155639648,71399,
31,,-17.070560455322266,71449,
31,,-16.280834197998047,71499,
31,,-16.35951042175293,71549,
31,,-15.33242416381836,71599,
31,,-15.683311462402344,71649,
31,,-17.83957290649414,71699,
31,,-18.15053367614746,71749,
31,,-19.47705841064453,71799,
31,,-15.420843124389648,71849,
31,,-18.679889678955078,71899,
31,,-19.29775047302246,71949,
31,,-4.896536827087402,71999,
,-16.415117263793945,,72000,
31,,,71999,-16.415117263793945
32,,-10.98652172088623,72049,
32,,-16.35991668701172,72099,
32,,-20.341896057128906,72149,
32,,-19.25518798828125,72199,
32,,-15.153701782226562,72249,
32,,-15.149813652038574,72299,
32,,-17.247669219970703,72349,
32,,-18.6368465423584,72399,
32,,-15.068586349487305,72449,
32,,-12.482553482055664,72499,
32,,-15.181200981140137,72549,
32,,-19.114574432373047,72599,
32,,-15.675344467163086,72649,
32,,-15.002542495727539,72699,
32,,-17.27562713623047,72749,
32,,-15.841567993164062,72799,
32,,-20.559226989746094,72849,
32,,-19.445377349853516,72899,
32,,-18.8167781829834,72949,
32,,-19.160541534423828,72999,
32,,-21.000286102294922,73049,
32,,-19.35276985168457,73099,
32,,-18.889591217041016,73149,
32,,-12.241703033447266,73199,
32,,-16.436756134033203,73249,
32,,-18.042865753173828,73299,
32,,-19.146804809570312,73349,
32,,-12.812688827514648,73399,
32,,-16.691009521484375,73449,
32,,-18.53533172607422,73499,
32,,-16.678314208984375,73549,
32,,-14.622528076171875,73599,
32,,-15.847074508666992,73649,
32,,-21.30683708190918,73699,
32,,-18.18773651123047,73749,
32,,-16.33763885498047,73799,
32,,-19.378175735473633,73849,
32,,-16.663284301757812,73899,
32,,-15.441017150878906,73949,
32,,-16.97126579284668,73999,
32,,-19.63557243347168,74049,
32,,-17.566463470458984,74099,
32,,-14.63046932220459,74149,
32,,-16.508007049560547,74199,
32,,-13.598655700683594,74249,
,-16.335538864135742,,74250,
32,,,74249,-16.335538864135742
33,,-19.26742935180664,74299,
33,,-17.50876235961914,74349,
33,,-19.773067474365234,74399,
33,,-16.46861457824707,74449,
33,,-16.923114776611328,74499,
33,,-16.516887664794922,74549,
33,,-13.530715942382812,74599,
33,,-17.16019058227539,74649,
33,,-15.844423294067383,74699,
33,,-13.774494171142578,74749,
33,,-20.122331619262695,74799,
33,,-20.985855102539062,74849,
33,,-17.11536979675293,74899,
33,,-14.99749755859375,74949,
33,,-16.832063674926758,74999,
33,,-14.609049797058105,75049,
33,,-16.037212371826172,75099,
33,,-16.576061248779297,75149,
33,,-15.530258178710938,75199,
33,,-8.27602767944336,75249,
33,,-16.257038116455078,75299,
33,,-18.805173873901367,75349,
33,,-21.306758880615234,75399,
33,,-20.476253509521484,75449,
33,,-22.713603973388672,75499,
33,,-16.83783531188965,75549,
33,,-19.374591827392578,75599,
33,,-20.89887237548828,75649,
33,,-18.650482177734375,75699,
33,,-16.83674430847168,75749,
33,,-18.395862579345703,75799,
33,,-17.213356018066406,75849,
33,,-18.05552864074707,75899,
33,,-12.66172981262207,75949,
33,,-16.524682998657227,75999,
33,,-18.32538414001465,76049,
33,,-18.770429611206055,76099,
33,,-19.8295955657959,76149,
33,,-19.39881134033203,76199,
33,,-15.752586364746094,76249,
33,,-18.336124420166016,76299,
33,,-10.123126029968262,76349,
33,,-19.684158325195312,76399,
33,,-13.867666244506836,76449,
33,,-20.417539596557617,76499,
,-16.400489807128906,,76500,
33,,,76499,-16.400489807128906
34,,-16.728729248046875,76549,
34,,-17.9981746673584,76599,
34,,-22.47948455810547,76649,
34,,-14.401647567749023,76699,
34,,-18.5972900390625,76749,
34,,-17.829591751098633,76799,
34,,-19.026996612548828,76849,
34,,-18.32840347290039,76899,
34,,-15.819388389587402,76949,
34,,-16.76430892944336,76999,
34,,-22.82220458984375,77049,
34,,-16.46520233154297,77099,
34,,-21.20768165588379,77149,
34,,-15.724205017089844,77199,
34,,-18.289505004882812,77249,
34,,-15.881515502929688,77299,
34,,-10.927581787109375,77349,
34,,-11.861175537109375,77399,
34,,-17.023658752441406,77449,
34,,-16.816822052001953,77499,
34,,-16.020416259765625,77549,
34,,-16.554527282714844,77599,
34,,-14.299395561218262,77649,
34,,-16.892959594726562,77699,
34,,-16.189592361450195,77749,
34,,-20.112173080444336,77799,
34,,-15.754804611206055,77849,
34,,-11.714030265808105,77899,
34,,-19.290037155151367,77949,
34,,-15.542410850524902,77999,
34,,-15.753288269042969,78049,
34,,-15.304506301879883,78099,
34,,-16.594329833984375,78149,
34,,-18.019405364990234,78199,
34,,-15.022249221801758,78249,
34,,-17.560556411743164,78299,
34,,-15.863314628601074,78349,
34,,-16.80583381652832,78399,
34,,-19.461441040039062,78449,
34,,-15.876498222351074,78499,
34,,-17.026824951171875,78549,
34,,-20.914480209350586,78599,
34,,-15.696757316589355,78649,
34,,-12.109552383422852,78699,
34,,-18.190773010253906,78749,
,-16.306732177734375,,78750,
34,,,78749,-16.306732177734375
35,,-17.62390899658203,78799,
35,,-17.63892364501953,78849,
35,,-17.518470764160156,78899,
35,,-18.644039154052734,78949,
35,,-17.526477813720703,78999,
35,,-15.73826789855957,79049,
35,,-17.290639877319336,79099,
35,,-16.16164207458496,79149,
35,,-13.169737815856934,79199,
35,,-15.829169273376465,79249,
35,,-21.37551498413086,79299,
35,,-16.345500946044922,79349,
35,,-16.052350997924805,79399,
35,,-18.00623893737793,79449,
35,,-19.636865615844727,79499,
35,,-20.87359619140625,79549,
35,,-16.89667320251465,79599,
35,,-14.538564682006836,79649,
35,,-17.203983306884766,79699,
35,,-17.632017135620117,79749,
35,,-15.062095642089844,79799,
35,,-18.688396453857422,79849,
35,,-13.963994979858398,79899,
35,,-11.647125244140625,79949,
35,,-16.317079544067383,79999,
35,,-17.362791061401367,80049,
35,,-20.4904842376709,80099,
35,,-16.199649810791016,80149,
35,,-14.232013702392578,80199,
35,,-16.162281036376953,80249,
35,,-23.522388458251953,80299,
35,,-18.88494873046875,80349,
35,,-14.1927490234375,80399,
35,,-15.492587089538574,80449,
35,,-14.731725692749023,80499,
35,,-17.01388931274414,80549,
35,,-18.563735961914062,80599,
35,,-19.927261352539062,80649,
35,,-15.193923950195312,80699,
35,,-14.835424423217773,80749,
35,,-18.964277267456055,80799,
35,,-22.50640869140625,80849,
35,,-22.924327850341797,80899,
35,,-21.316606521606445,80949,
35,,-15.806788444519043,80999,
,-16.054296493530273,,81000,
35,,,80999,-16.054296493530273
36,,-18.097545623779297,81049,
36,,-20.372413635253906,81099,
36,,-19.240440368652344,81149,
36,,-17.08729362487793,81199,
36,,-19.821918487548828,81249,
36,,-16.815608978271484,81299,
36,,-17.591337203979492,81349,
36,,-21.700111389160156,81399,
36,,-20.868480682373047,81449,
36,,-18.94257926940918,81499,
36,,-19.702083587646484,81549,
36,,-16.092735290527344,81599,
36,,-21.5925350189209,81649,
36,,-16.44986343383789,81699,
36,,-18.07352066040039,81749,
36,,-19.005695343017578,81799,
36,,-14.821111679077148,81849,
36,,-19.79166030883789,81899,
36,,-19.33236312866211,81949,
36,,-16.950334548950195,81999,
36,,-17.916160583496094,82049,
36,,-21.04132843017578,82099,
36,,-21.120004653930664,82149,
36,,-15.029559135437012,82199,
36,,-14.831629753112793,82249,
36,,-18.402259826660156,82299,
36,,-18.648691177368164,82349,
36,,-15.719320297241211,82399,
36,,-13.158480644226074,82449,
36,,-16.612241744995117,82499,
36,,-19.31109046936035,82549,
36,,-17.59510040283203,82599,
36,,-11.718955993652344,82649,
36,,-19.356868743896484,82699,
36,,-19.56986427307129,82749,
36,,-17.343734741210938,82799,
36,,-15.213884353637695,82849,
36,,-19.26605796813965,82899,
36,,-21.663162231445312,82949,
36,,-15.312644958496094,82999,
36,,-16.409101486206055,83049,
36,,-14.655311584472656,83099,
36,,-18.677230834960938,83149,
36,,-20.906816482543945,83199,
36,,-16.919187545776367,83249,
,-16.483266830444336,,83250,
36,,,83249,-16.483266830444336
37,,-11.365215301513672,83299,
37,,-16.582107543945312,83349,
37,,-18.73227310180664,83399,
37,,-14.657548904418945,83449,
37,,-20.39238739013672,83499,
37,,-20.696596145629883,83549,
37,,-18.475900650024414,83599,
37,,-19.63551139831543,83649,
37,,-14.559442520141602,83699,
37,,-16.042667388916016,83749,
37,,-15.021270751953125,83799,
37,,-20.547191619873047,83849,
37,,-11.992328643798828,83899,
37,,-17.712520599365234,83949,
37,,-14.799803733825684,83999,
37,,-21.824378967285156,84049,
37,,-15.504182815551758,84099,
37,,-16.20654296875,84149,
37,,-17.98638153076172,84199,
37,,-15.086112022399902,84249,
37,,-15.198722839355469,84299,
37,,-16.066158294677734,84349,
37,,-19.655302047729492,84399,
37,,-15.148153305053711,84449,
37,,-18.608375549316406,84499,
37,,-18.80715560913086,84549,
37,,-19.51089859008789,84599,
37,,-15.119243621826172,84649,
37,,-13.48572063446045,84699,
37,,-18.199033737182617,84749,
37,,-17.11162567138672,84799,
37,,-17.036251068115234,84849,
37,,-15.89182186126709,84899,
37,,-14.01413631439209,84949,
37,,-17.670854568481445,84999,
37,,-15.20328426361084,85049,
37,,-20.500507354736328,85099,
37,,-14.484525680541992,85149,
37,,-17.08999252319336,85199,
37,,-17.896408081054688,85249,
37,,-14.83682632446289,85299,
37,,-18.552356719970703,85349,
37,,-18.43246841430664,85399,
37,,-15.638278007507324,85449,
37,,-19.762897491455078,85499,
,-16.483814239501953,,85500,
37,,,85499,-16.483814239501953
38,,-19.57306671142578,85549,
38,,-18.276275634765625,85599,
38,,-21.511465072631836,85649,
38,,-20.88394546508789,85699,
38,,-20.118759155273438,85749,
38,,-20.151580810546875,85799,
38,,-15.019335746765137,85849,
38,,-17.473045349121094,85899,
38,,-17.019794464111328,85949,
38,,-18.96526336669922,85999,
38,,-22.88439178466797,86049,
38,,-15.045713424682617,86099,
38,,-17.669862747192383,86149,
38,,-17.811832427978516,86199,
38,,-15.621129989624023,86249,
38,,-15.953655242919922,86299,
38,,-14.075456619262695,86349,
38,,-16.459579467773438,86399,
38,,-18.852901458740234,86449,
38,,-16.018047332763672,86499,
38,,-21.531469345092773,86549,
38,,-16.760639190673828,86599,
38,,-14.635639190673828,86649,
38,,-17.36275291442871,86699,
38,,-19.209705352783203,86749,
38,,-14.842748641967773,86799,
38,,-22.366819381713867,86849,
38,,-14.839347839355469,86899,
38,,-18.860675811767578,86949,
38,,-17.98992156982422,86999,
38,,-15.52549934387207,87049,
38,,-16.914823532104492,87099,
38,,-18.1015682220459,87149,
38,,-16.49292755126953,87199,
38,,-17.06988525390625,87249,
38,,-6.123464107513428,87299,
38,,-18.14615821838379,87349,
38,,-16.81861686706543,87399,
38,,-13.189987182617188,87449,
38,,-16.667774200439453,87499,
38,,-18.390939712524414,87549,
38,,-20.201000213623047,87599,
38,,-20.595767974853516,87649,
38,,-16.940532684326172,87699,
38,,-14.619887351989746,87749,
,-16.4904727935791,,87750,
38,,,87749,-16.4904727935791
39,,-15.155385971069336,87799,
39,,-11.977041244506836,87849,
39,,-16.74362564086914,87899,
39,,-15.583979606628418,87949,
39,,-21.121700286865234,87999,
39,,-17.058639526367188,88049,
39,,-17.90719985961914,88099,
39,,-16.302213668823242,88149,
39,,-14.57895565032959,88199,
39,,-18.476593017578125,88249,
39,,-14.951221466064453,88299,
39,,-15.422657012939453,88349,
39,,-17.333303451538086,88399,
39,,-13.348884582519531,88449,
39,,-17.15959930419922,88499,
39,,-14.298842430114746,88549,
39,,-20.145553588867188,88599,
39,,-18.856719970703125,88649,
39,,-14.080032348632812,88699,
39,,-15.746935844421387,88749,
39,,-13.420812606811523,88799,
39,,-15.907694816589355,88849,
39,,-16.107229232788086,88899,
39,,-17.59682846069336,88949,
39,,-21.204002380371094,88999,
39,,-19.06032371520996,89049,
39,,-18.309589385986328,89099,
39,,-17.83936309814453,89149,
39,,-14.470893859863281,89199,
39,,-15.787193298339844,89249,
39,,-20.80982208251953,89299,
39,,-16.948896408081055,89349,
39,,-15.885438919067383,89399,
39,,-13.576735496520996,89449,
39,,-17.660930633544922,89499,
39,,-20.324731826782227,89549,
39,,-16.462369918823242,89599,
39,,-16.696754455566406,89649,
39,,-7.131871223449707,89699,
39,,-13.094938278198242,89749,
39,,-19.039806365966797,89799,
39,,-20.780118942260742,89849,
39,,-19.54901885986328,89899,
39,,-17.262805938720703,89949,
39,,-13.168790817260742,89999,
,-16.499114990234375,,90000,
39,,,89999,-16.499114990234375
40,,-15.902307510375977,90049,
40,,-16.312950134277344,90099,
40,,-15.733196258544922,90149,
40,,-19.1009521484375,90199,
40,,-11.431741714477539,90249,
40,,-14.286344528198242,90299,
40,,-22.185131072998047,90349,
40,,-13.659491539001465,90399,
40,,-16.539249420166016,90449,
40,,-18.00108528137207,90499,
40,,-12.806968688964844,90549,
40,,-12.942031860351562,90599,
40,,-13.53576946258545,90649,
40,,-17.6063232421875,90699,
40,,-16.532184600830078,90749,
40,,-15.138895034790039,90799,
40,,-17.46253204345703,90849,
40,,-22.429203033447266,90899,
40,,-16.995336532592773,90949,
40,,-18.087242126464844,90999,
40,,-16.755550384521484,91049,
40,,-17.09917449951172,91099,
40,,-21.27193832397461,91149,
40,,-17.721172332763672,91199,
40,,-18.544384002685547,91249,
40,,-15.204463005065918,91299,
40,,-18.111854553222656,91349,
40,,-19.851097106933594,91399,
40,,-14.263916015625,91449,
40,,-12.192184448242188,91499,
40,,-17.724258422851562,91549,
40,,-15.702189445495605,91599,
40,,-17.87557029724121,91649,
40,,-17.570297241210938,91699,
40,,-15.418426513671875,91749,
40,,-16.219375610351562,91799,
40,,-19.18824005126953,91849,
40,,-18.183547973632812,91899,
40,,-18.60586166381836,91949,
40,,-15.189311027526855,91999,
40,,-16.315948486328125,92049,
40,,-14.532576560974121,92099,
40,,-17.300748825073242,92149,
40,,-14.720296859741211,92199,
40,,-17.174060821533203,92249,
,-16.505447387695312,,92250,
40,,,92249,-16.505447387695312
41,,-16.256561279296875,92299,
41,,-20.116636276245117,92349,
41,,-16.10548973083496,92399,
41,,-18.508548736572266,92449,
41,,-17.533472061157227,92499,
41,,-12.513223648071289,92549,
41,,-18.783672332763672,92599,
41,,-17.759977340698242,92649,
41,,-20.176513671875,92699,
41,,-20.200273513793945,92749,
41,,-11.458976745605469,92799,
41,,-17.40048599243164,92849,
41,,-14.03562068939209,92899,
41,,-17.654979705810547,92949,
41,,-17.180400848388672,92999,
41,,-17.832948684692383,93049,
41,,-17.642873764038086,93099,
41,,-12.74008846282959,93149,
41,,-15.72730827331543,93199,
41,,-18.230178833007812,93249,
41,,-17.111665725708008,93299,
41,,-15.497901916503906,93349,
41,,-16.831884384155273,93399,
41,,-16.58807373046875,93449,
41,,-14.452367782592773,93499,
41,,-15.467874526977539,93549,
41,,-19.16323471069336,93599,
41,,-18.0836238861084,93649,
41,,-17.719091415405273,93699,
41,,-17.083118438720703,93749,
41,,-14.850776672363281,93799,
41,,-17.146289825439453,93849,
41,,-17.534629821777344,93899,
41,,-18.682998657226562,93949,
41,,-16.75202178955078,93999,
41,,-17.14657211303711,94049,
41,,-20.806663513183594,94099,
41,,-14.16262435913086,94149,
41,,-12.331899642944336,94199,
41,,-18.336891174316406,94249,
41,,-18.13936424255371,94299,
41,,-16.742216110229492,94349,
41,,-13.859420776367188,94399,
41,,-18.941356658935547,94449,
41,,-14.501605033874512,94499,
,-16.393705368041992,,94500,
41,,,94499,-16.393705368041992
42,,-16.57582664489746,94549,
42,,-18.19841194152832,94599,
42,,-16.254199981689453,94649,
42,,-16.867305755615234,94699,
42,,-18.17109489440918,94749,
42,,-22.57919692993164,94799,
42,,-17.926929473876953,94849,
42,,-16.296466827392578,94899,
42,,-16.091167449951172,94949,
42,,-16.826740264892578,94999,
42,,-17.21498680114746,95049,
42,,-19.396522521972656,95099,
42,,-20.798236846923828,95149,
42,,-18.82980728149414,95199,
42,,-16.657756805419922,95249,
42,,-15.067792892456055,95299,
42,,-20.92475128173828,95349,
42,,-16.84187126159668,95399,
42,,-20.081539154052734,95449,
42,,-14.913335800170898,95499,
42,,-15.723505973815918,95549,
42,,-20.623577117919922,95599,
42,,-17.10340690612793,95649,
42,,-14.436737060546875,95699,
42,,-20.341215133666992,95749,
42,,-14.797343254089355,95799,
42,,-17.36444854736328,95849,
42,,-16.76831817626953,95899,
42,,-15.148595809936523,95949,
42,,-18.515735626220703,95999,
42,,-17.914169311523438,96049,
42,,-19.124853134155273,96099,
42,,-14.856088638305664,96149,
42,,-15.935880661010742,96199,
42,,-16.084705352783203,96249,
42,,-14.256174087524414,96299,
42,,-16.79170799255371,96349,
42,,-16.780841827392578,96399,
42,,-16.90616226196289,96449,
42,,-17.631046295166016,96499,
42,,-17.511173248291016,96549,
42,,-17.68608283996582,96599,
42,,-15.683938980102539,96649,
42,,-17.97875213623047,96699,
42,,-14.934808731079102,96749,
,-16.497602462768555,,96750,
42,,,96749,-16.497602462768555
43,,-4.565092086791992,96799,
43,,-22.582305908203125,96849,
43,,-13.90442180633545,96899,
43,,-15.67346477508545,96949,
43,,-18.3367977142334,96999,
43,,-19.14376449584961,97049,
43,,-6.3170166015625,97099,
43,,-16.29903793334961,97149,
43,,-18.400798797607422,97199,
43,,-21.077545166015625,97249,
43,,-16.526885986328125,97299,
43,,-17.51712989807129,97349,
43,,-13.352572441101074,97399,
43,,-16.110815048217773,97449,
43,,-15.390518188476562,97499,
43,,-18.974353790283203,97549,
43,,-14.760973930358887,97599,
43,,-16.352550506591797,97649,
43,,-17.88912010192871,97699,
43,,-13.357032775878906,97749,
43,,-18.876686096191406,97799,
43,,-15.474596977233887,97849,
43,,-15.144927978515625,97899,
43,,-15.524993896484375,97949,
43,,-14.572879791259766,97999,
43,,-14.713233947753906,98049,
43,,-17.412357330322266,98099,
43,,-22.838048934936523,98149,
43,,-17.717464447021484,98199,
43,,-18.904685974121094,98249,
43,,-15.131940841674805,98299,
43,,-19.70815086364746,98349,
43,,-21.82032585144043,98399,
43,,-18.164859771728516,98449,
43,,-16.258466720581055,98499,
43,,-16.675546646118164,98549,
43,,-20.645849227905273,98599,
43,,-18.453628540039062,98649,
43,,-19.188953399658203,98699,
43,,-15.265608787536621,98749,
43,,-18.847946166992188,98799,
43,,-19.61247444152832,98849,
43,,-18.297393798828125,98899,
43,,-19.030029296875,98949,
43,,-15.461885452270508,98999,
,-16.48865509033203,,99000,
43,,,98999,-16.48865509033203
44,,-15.065544128417969,99049,
44,,-22.105924606323242,99099,
44,,-18.047624588012695,99149,
44,,-20.230369567871094,99199,
44,,-20.948986053466797,99249,
44,,-15.656913757324219,99299,
44,,-15.237180709838867,99349,
44,,-15.092477798461914,99399,
44,,-17.72391700744629,99449,
44,,-17.19175148010254,99499,
44,,-15.886178970336914,99549,
44,,-15.270055770874023,99599,
44,,-18.25555419921875,99649,
44,,-14.449664115905762,99699,
44,,-17.797874450683594,99749,
44,,-21.124624252319336,99799,
44,,-19.37674903869629,99849,
44,,-16.266807556152344,99899,
44,,-15.394500732421875,99949,
44,,-14.357421875,99999,
44,,-18.704273223876953,100049,
44,,-19.989521026611328,100099,
44,,-18.144390106201172,100149,
44,,-17.86903190612793,100199,
44,,-17.038915634155273,100249,
44,,-17.755611419677734,100299,
44,,-16.83043670654297,100349,
44,,-17.78972816467285,100399,
44,,-19.420631408691406,100449,
44,,-15.31854248046875,100499,
44,,-17.484973907470703,100549,
44,,-19.332168579101562,100599,
44,,-16.011661529541016,100649,
44,,-18.040258407592773,100699,
44,,-14.68247127532959,100749,
44,,-18.334632873535156,100799,
44,,-20.842628479003906,100849,
44,,-19.514570236206055,100899,
44,,-17.943443298339844,100949,
44,,-15.896540641784668,100999,
44,,-18.691028594970703,101049,
44,,-17.211227416992188,101099,
44,,-16.269582748413086,101149,
44,,-14.781639099121094,101199,
44,,-15.095812797546387,101249,
,-16.50719451904297,,101250,
44,,,101249,-16.50719451904297
45,,-16.010366439819336,101299,
45,,-21.593460083007812,101349,
45,,-14.452247619628906,101399,
45,,-18.361732482910156,101449,
45,,-17.303508758544922,101499,
45,,-20.383604049682617,101549,
45,,-14.785055160522461,101599,
45,,-13.761777877807617,101649,
45,,-15.306968688964844,101699,
45,,-16.623661041259766,101749,
45,,-18.380538940429688,101799,
45,,-14.733710289001465,101849,
45,,-15.515195846557617,101899,
45,,-17.49407196044922,101949,
45,,-19.704145431518555,101999,
45,,-16.610027313232422,102049,
45,,-16.33478546142578,102099,
45,,-20.495529174804688,102149,
45,,-17.750377655029297,102199,
45,,-16.314098358154297,102249,
45,,-17.585268020629883,102299,
45,,-15.485121726989746,102349,
45,,-16.703208923339844,102399,
45,,-18.466476440429688,102449,
45,,-14.40113639831543,102499,
45,,-16.421653747558594,102549,
45,,-20.070964813232422,102599,
45,,-18.11959457397461,102649,
45,,-21.223617553710938,102699,
45,,-18.42142105102539,102749,
45,,-16.463672637939453,102799,
45,,-16.586105346679688,102849,
45,,-18.105432510375977,102899,
45,,-15.5082426071167,102949,
45,,-18.070846557617188,102999,
45,,-18.73491859436035,103049,
45,,-21.82552146911621,103099,
45,,-17.871049880981445,103149,
45,,-19.903396606445312,103199,
45,,-17.713886260986328,103249,
45,,-18.744487762451172,103299,
45,,-14.068658828735352,103349,
45,,-17.146408081054688,103399,
45,,-16.609294891357422,103449,
45,,-17.727645874023438,103499,
,-16.48277473449707,,103500,
45,,,103499,-16.48277473449707
46,,-18.669960021972656,103549,
46,,-15.885129928588867,103599,
46,,-13.992050170898438,103649,
46,,-16.20172119140625,103699,
46,,-14.790919303894043,103749,
46,,-16.62434196472168,103799,
46,,-15.640741348266602,103849,
46,,-19.366928100585938,103899,
46,,-14.389647483825684,103949,
46,,-18.08356475830078,103999,
46,,-14.533774375915527,104049,
46,,-13.974875450134277,104099,
46,,-15.127036094665527,104149,
46,,-18.629093170166016,104199,
46,,-15.488612174987793,104249,
46,,-15.859146118164062,104299,
46,,-14.752256393432617,104349,
46,,-20.794147491455078,104399,
46,,-16.154939651489258,104449,
46,,-18.208850860595703,104499,
46,,-14.685018539428711,104549,
46,,-18.308456420898438,104599,
46,,-20.03131103515625,104649,
46,,-19.234960556030273,104699,
46,,-17.596721649169922,104749,
46,,-20.00659942626953,104799,
46,,-18.646072387695312,104849,
46,,-19.649290084838867,104899,
46,,-19.664318084716797,104949,
46,,-15.644124984741211,104999,
46,,-16.44839859008789,105049,
46,,-15.37548828125,105099,
46,,-21.798412322998047,105149,
46,,-24.50011444091797,105199,
46,,-21.798171997070312,105249,
46,,-16.054996490478516,105299,
46,,-18.814085006713867,105349,
46,,-16.99728775024414,105399,
46,,-18.707799911499023,105449,
46,,-17.381132125854492,105499,
46,,-15.300532341003418,105549,
46,,-16.173725128173828,105599,
46,,-19.03437614440918,105649,
46,,-16.524396896362305,105699,
46,,-17.831478118896484,105749,
,-16.499006271362305,,105750,
46,,,105749,-16.499006271362305
47,,-17.8782958984375,105799,
47,,-17.323802947998047,105849,
47,,-17.591129302978516,105899,
47,,-14.520037651062012,105949,
47,,-17.60079574584961,105999,
47,,-19.019981384277344,106049,
47,,-17.01198387145996,106099,
47,,-18.648448944091797,106149,
47,,-19.383214950561523,106199,
47,,-15.341562271118164,106249,
47,,-17.213855743408203,106299,
47,,-19.622058868408203,106349,
47,,-17.52993392944336,106399,
47,,-17.476791381835938,106449,
47,,-15.388145446777344,106499,
47,,-17.915420532226562,106549,
47,,-16.282100677490234,106599,
47,,-19.676517486572266,106649,
47,,-19.023183822631836,106699,
47,,-18.27764129638672,106749,
47,,-16.531017303466797,106799,
47,,-17.214065551757812,106849,
47,,-15.115428924560547,106899,
47,,-13.74454402923584,106949,
47,,-12.349517822265625,106999,
47,,-16.511653900146484,107049,
47,,-20.898088455200195,107099,
47,,-15.798830032348633,107149,
47,,-15.488516807556152,107199,
47,,-14.848689079284668,107249,
47,,-21.347248077392578,107299,
47,,-22.483173370361328,107349,
47,,-18.800884246826172,107399,
47,,-17.011096954345703,107449,
47,,-15.277557373046875,107499,
47,,-15.724630355834961,107549,
47,,-11.570486068725586,107599,
47,,-15.748964309692383,107649,
47,,-18.689851760864258,107699,
47,,-20.766555786132812,107749,
47,,-16.927810668945312,107799,
47,,-13.84891128540039,107849,
47,,-16.203765869140625,107899,
47,,-15.493548393249512,107949,
47,,-13.746397018432617,107999,
,-16.507478713989258,,108000,
47,,,107999,-16.507478713989258
48,,-21.52141571044922,108049,
48,,-19.25657081604004,108099,
48,,-13.201080322265625,108149,
48,,-14.3601713180542,108199,
48,,-13.582270622253418,108249,
48,,-16.470155715942383,108299,
48,,-15.013381004333496,108349,
48,,-15.40101432800293,108399,
48,,-15.079742431640625,108449,
48,,-17.138456344604492,108499,
48,,-14.3424711227417,108549,
48,,-22.35962677001953,108599,
48,,-16.436832427978516,108649,
48,,-17.35488510131836,108699,
48,,-16.382076263427734,108749,
48,,-21.180362701416016,108799,
48,,-20.816936492919922,108849,
48,,-18.290369033813477,108899,
48,,-11.273441314697266,108949,
48,,-16.2010555267334,108999,
48,,-15.529077529907227,109049,
48,,-17.92071533203125,109099,
48,,-11.928985595703125,109149,
48,,-9.885453224182129,109199,
48,,-23.895584106445312,109249,
48,,-20.49317741394043,109299,
48,,-16.977310180664062,109349,
48,,-15.015684127807617,109399,
48,,-20.027984619140625,109449,
48,,-17.966398239135742,109499,
48,,-19.57833480834961,109549,
48,,-18.128522872924805,109599,
48,,-16.040870666503906,109649,
48,,-16.685108184814453,109699,
48,,-4.059818744659424,109749,
48,,-19.75328826904297,109799,
48,,-16.352327346801758,109849,
48,,-13.781393051147461,109899,
48,,-16.54682159423828,109949,
48,,-15.076518058776855,109999,
48,,-16.167701721191406,110049,
48,,-17.430665969848633,110099,
48,,-17.751373291015625,110149,
48,,-16.478559494018555,110199,
48,,-18.708839416503906,110249,
,-16.499589920043945,,110250,
48,,,110249,-16.499589920043945
